Meta-Learner,MSE,RMSE,R2,MAE,MAPE (%)
Linear,0.00009531,0.00975303,0.99746913,0.00701872,0.01411591
XGBoost,0.00010069,0.01001799,0.99732836,0.00713254,0.01440150
RandomForest,0.00009957,0.00996357,0.99735539,0.00709604,0.01438660
SVR,0.00011527,0.01069157,0.99695622,0.00731507,0.01533899
MLP,0.00010016,0.00999411,0.99734014,0.00720956,0.01456740
Huber,0.00009525,0.00975025,0.99747032,0.00700943,0.01409681
Ridge,0.00009474,0.00972415,0.99748337,0.00701384,0.01408892
Lasso,0.00009466,0.00971977,0.99748541,0.00701349,0.01408301
LightGBM,0.00010282,0.01012347,0.99727057,0.00725002,0.01465162
CatBoost,0.00010388,0.01017314,0.99724528,0.00719561,0.01464291
ExtraTrees,0.00009622,0.00980069,0.99744336,0.00704174,0.01419438
GradientBoost,0.00010141,0.01005209,0.99731021,0.00714097,0.01457332
Stacking,0.00009465,0.00971968,0.99748546,0.00701344,0.01408283
